[
  {
    "op": "replace",
    "path": "/ingredientPattern",
    "value": "WNW,WPW",
    "file": "stonequarry:recipes/grid/rubblestorage.json",
    "dependson": [{"modid": "stonequarry"}]
  },
  {
    "op": "add",
    "path": "/ingredients/N",
    "value": { "type": "item", "code": "game:metalnailsandstrips-*","quantity": 2},
    "file": "stonequarry:recipes/grid/rubblestorage.json",
    "dependson": [{"modid": "stonequarry"}]
  },
  {
    "op": "replace",
    "path": "/ingredients/W",
    "value": { "type": "item", "code": "game:plank-*","quantity": 4},
    "file": "stonequarry:recipes/grid/rubblestorage.json",
    "dependson": [{"modid": "stonequarry"}]
  }
]